<?xml version="1.0" encoding="UTF-8"?>
<!--示例 XML 文件由 XMLSpy v2006 U 创建 (http://www.altova.com)-->
<Document xmlns="urn:swift:xsd:camt.005.001.04" xmlns:xsi="http://www.w3.org/2001/XMLSchema-instance">
	<GetTx>
		<MsgId>
			<Id>2010101000001263</Id>
		</MsgId>
		<TxQryDef>
			<TxCrit>
				<NewCrit>
					<SchCrit>
						<PmtSch>
							<TxRef>/A00/308581000106</TxRef>
							<TxRef>/A22/308581000106</TxRef>
							<TxRef>/A01/103100000018</TxRef>
							<TxRef>/FA5/00400</TxRef>
							<TxRef>/K35/PMT100001102</TxRef>
							<TxRef>/K37/CMP010401</TxRef>
							<TxRef>/K36/USR010021</TxRef>
						</PmtSch>
					</SchCrit>
				</NewCrit>
			</TxCrit>
		</TxQryDef>
	</GetTx>
</Document>
