<?xml version="1.0" encoding="UTF-8"?>
<!--示例 XML 文件由 XMLSpy v2006 U 创建 (http://www.altova.com)-->
<Document xmlns="urn:cnaps:std:beps:2010:tech:xsd:beps.723.001.01" xmlns:xsi="http://www.w3.org/2001/XMLSchema-instance">
	<DtlChckRspn>
		<GrpHdr>
			<MsgId>2010101000001256</MsgId>
			<CreDtTm>2010-10-10T09:30:30</CreDtTm>
			<InstgPty>
				<InstgDrctPty>0000</InstgDrctPty>
				<InstgPty>0000</InstgPty>
			</InstgPty>
			<InstdPty>
				<InstdDrctPty>308581000106</InstdDrctPty>
				<InstdPty>308581000106</InstdPty>
			</InstdPty>
			<SysCd>BEPS</SysCd>
			<Rmk>测试测试测试测试测试</Rmk>
		</GrpHdr>
		<Prttn>
			<TtlNb>1</TtlNb>
			<StartNb>1</StartNb>
			<EndNb>1</EndNb>
		</Prttn>
		<OrgnlGrpHdr>
			<OrgnlMsgId>2010101000001255</OrgnlMsgId>
			<OrgnlInstgPty>308581000106</OrgnlInstgPty>
			<OrgnlMT>beps.722.001.01</OrgnlMT>
		</OrgnlGrpHdr>
		<DtlChckRspnInf>
			<ChckDt>2010-10-10</ChckDt>
			<NPCPrcInf>
				<PrcSts>PR05</PrcSts>
				<PrcCd>CB1I0000</PrcCd>
			</NPCPrcInf>
			<DtlChckPmtRspnInf>
				<NbOfTxs>1</NbOfTxs>
				<DtlChckRspnDtls>
					<SndRcvTp>SR00</SndRcvTp>
					<TxNetgDt>2010-10-10</TxNetgDt>
					<TxNetgRnd>03</TxNetgRnd>
					<MT>beps.121.001.01</MT>
					<PrcSts>PR04</PrcSts>
					<NbOfDtls>1</NbOfDtls>
					<OrgnlPmtDtls>
						<OrgnlGrpHdr>
							<OrgnlMsgId>2010101000005001</OrgnlMsgId>
							<OrgnlInstgPty>308581000106</OrgnlInstgPty>
							<OrgnlMT>beps.121.001.01</OrgnlMT>
						</OrgnlGrpHdr>
						<TtlCnt>1</TtlCnt>
						<CtrlSum Ccy="CNY">400000.50</CtrlSum>
					</OrgnlPmtDtls>
				</DtlChckRspnDtls>
			</DtlChckPmtRspnInf>
			<DtlChckMsgRspn>
				<NbOfTxs>1</NbOfTxs>
				<DtlChckMsgRspnDtls>
					<SndRcvTp>SR00</SndRcvTp>
					<MT>beps.127.001.01</MT>
					<RcvDt>2010-10-09</RcvDt>
					<NbOfDtls>1</NbOfDtls>
					<OrgnlMsgDtls>
						<OrgnlGrpHdr>
							<OrgnlMsgId>2010101000005005</OrgnlMsgId>
							<OrgnlInstgPty>308581000106</OrgnlInstgPty>
							<OrgnlMT>beps.127.001.01</OrgnlMT>
							<PrcSts>PR05</PrcSts>
						</OrgnlGrpHdr>
					</OrgnlMsgDtls>
				</DtlChckMsgRspnDtls>
			</DtlChckMsgRspn>
		</DtlChckRspnInf>
	</DtlChckRspn>
</Document>
