<?xml version="1.0" encoding="UTF-8"?>
<!--示例 XML 文件由 XMLSpy v2006 U 创建 (http://www.altova.com)-->
<Document xmlns="urn:iso:std:iso:20022:tech:xsd:pacs.002.001.03" xmlns:xsi="http://www.w3.org/2001/XMLSchema-instance">
	<FIToFIPmtStsRpt>
		<GrpHdr>
			<MsgId>2010101000001266</MsgId>
			<CreDtTm>2010-10-10T09:30:30</CreDtTm>
		</GrpHdr>
		<OrgnlGrpInfAndSts>
			<OrgnlMsgId>2010101000001262</OrgnlMsgId>
			<OrgnlMsgNmId>beps.127.001.01</OrgnlMsgNmId>
			<OrgnlNbOfTxs>1</OrgnlNbOfTxs>
			<OrgnlCtrlSum>999.00</OrgnlCtrlSum>
			<NbOfTxsPerSts>
				<DtldNbOfTxs>1</DtldNbOfTxs>
				<DtldSts>ACCP</DtldSts>
			</NbOfTxsPerSts>
		</OrgnlGrpInfAndSts>
		<TxInfAndSts>
			<StsId>PR02</StsId>
			<OrgnlTxId>2010101066000001</OrgnlTxId>
			<OrgnlTxRef>
				<IntrBkSttlmAmt Ccy="CNY">999.00</IntrBkSttlmAmt>
				<PmtTpInf>
					<CtgyPurp>
						<Prtry>B104</Prtry>
					</CtgyPurp>
				</PmtTpInf>
				<MndtRltdInf>
					<AmdmntInfDtls>
						<OrgnlCdtrAgt>
							<FinInstnId>
								<ClrSysMmbId>
									<MmbId>308581000106</MmbId>
								</ClrSysMmbId>
							</FinInstnId>
							<BrnchId>
								<Id>308581000106</Id>
							</BrnchId>
						</OrgnlCdtrAgt>
					</AmdmntInfDtls>
				</MndtRltdInf>
				<RmtInf>
					<Ustrd>/H01/测试测试测试测试测试测试</Ustrd>
					<Ustrd>/D14/CNY20.00</Ustrd>
				</RmtInf>
				<DbtrAgt>
					<FinInstnId>
						<ClrSysMmbId>
							<MmbId>104100004370</MmbId>
						</ClrSysMmbId>
					</FinInstnId>
					<BrnchId>
						<Id>104100004370</Id>
					</BrnchId>
				</DbtrAgt>
				<CdtrAgt>
					<FinInstnId>
						<ClrSysMmbId>
							<MmbId>308581000106</MmbId>
						</ClrSysMmbId>
					</FinInstnId>
					<BrnchId>
						<Id>308581000106</Id>
					</BrnchId>
				</CdtrAgt>
			</OrgnlTxRef>
		</TxInfAndSts>
	</FIToFIPmtStsRpt>
</Document>
