<?xml version="1.0" encoding="UTF-8"?>
<!--示例 XML 文件由 XMLSpy v2006 U 创建 (http://www.altova.com)-->
<Document xmlns="urn:cnaps:std:beps:2010:tech:xsd:beps.393.001.01" xmlns:xsi="http://www.w3.org/2001/XMLSchema-instance">
	<BtchCstmrsCtrctMgRspn>
		<GrpHdr>
			<MsgId>2010092100001235</MsgId>
			<CreDtTm>2001-12-17T09:30:47</CreDtTm>
			<InstgPty>
				<InstgDrctPty>104100004370</InstgDrctPty>
				<InstgPty>104100004370</InstgPty>
			</InstgPty>
			<InstdPty>
				<InstdDrctPty>103100000018</InstdDrctPty>
				<InstdPty>103100000018</InstdPty>
			</InstdPty>
			<SysCd>BEPS</SysCd>
			<Rmk>测试测试代收代付返回签约应答</Rmk>
		</GrpHdr>
		<OrgnlGrpHdr>
			<OrgnlMsgId>2010092100001234</OrgnlMsgId>
			<OrgnlInstgPty>103100000018</OrgnlInstgPty>
			<OrgnlMT>beps.384.001.01</OrgnlMT>
		</OrgnlGrpHdr>
		<BtchCstmrsCtrctMgRspnInf>
			<AcctCnt>1</AcctCnt>
			<AcctDtls>
				<AgrmtNb>2010010102102010201</AgrmtNb>
				<Dbtr>
					<Nm>卡卡</Nm>
				</Dbtr>
				<DbtrAcct>
					<Id>
						<Othr>
							<Id>2310230111201111210123100010231</Id>
							<Issr>103100000018</Issr>
						</Othr>
					</Id>
				</DbtrAcct>
				<Cdtr>
					<Nm>武贾西奇</Nm>
				</Cdtr>
				<RspnInf>
					<Sts>PR10</Sts>
				</RspnInf>
				<AcctSts>AS01</AcctSts>
			</AcctDtls>
		</BtchCstmrsCtrctMgRspnInf>
	</BtchCstmrsCtrctMgRspn>
</Document>
