<?xml version="1.0" encoding="UTF-8"?>
<!--示例 XML 文件由 XMLSpy v2006 U 创建 (http://www.altova.com)-->
<Document xmlns="urn:cnaps:std:beps:2010:tech:xsd:beps.380.001.01">
	<BtchColltnChrgs>
		<GrpHdr>
			<MsgId>2010101000001271</MsgId>
			<CreDtTm>2011-01-30T09:30:47.0Z</CreDtTm>
			<InstgPty>
				<InstgDrctPty>103100000018</InstgDrctPty>
				<InstgPty>103100000018</InstgPty>
			</InstgPty>
			<InstdPty>
				<InstdDrctPty>103100000118</InstdDrctPty>
				<InstdPty>103100000118</InstdPty>
			</InstdPty>
			<SysCd>BEPS</SysCd>
			<Rmk>批量代收业务报文</Rmk>
		</GrpHdr>
		<BtchColltnChrgsInf>
			<BtchNb>1</BtchNb>
			<TrnsmtDt>2010-09-01</TrnsmtDt>
			<RtrLtd>2</RtrLtd>
			<DbtrAgt>
				<FIId>
					<ClrSysMmbId>
						<MmbId>103100000118</MmbId>
					</ClrSysMmbId>
				</FIId>
			</DbtrAgt>
			<CdtrAgt>
				<FIId>
					<ClrSysMmbId>
						<MmbId>103100000218</MmbId>
					</ClrSysMmbId>
				</FIId>
				<BrnchId>
					<Id>103100000218</Id>
				</BrnchId>
			</CdtrAgt>
			<Cdtr>
				<Nm>克里斯特尔斯</Nm>
			</Cdtr>
			<CdtrAcct>
				<Id>
					<Othr>
						<Id>20110129guanjun</Id>
					</Othr>
				</Id>
			</CdtrAcct>
			<TtlAmt Ccy="CNY">3.14159</TtlAmt>
			<PmtTpInf>
				<CtgyPurp>
					<Prtry>D200</Prtry>
				</CtgyPurp>
			</PmtTpInf>
			<DbtrNb>1</DbtrNb>
			<DbtrDtls>
				<Purp>
					<Prtry>00100</Prtry>
				</Purp>
				<TxId>0000000001</TxId>
				<Dbtr>
					<Nm>李娜</Nm>
				</Dbtr>
				<DbtrAcct>
					<Id>
						<Othr>
							<Id>20110129wenwang</Id>
						</Othr>
					</Id>
				</DbtrAcct>
				<BrnchId>103100000118</BrnchId>
				<Amt Ccy="CNY">3.14159</Amt>
				<EndToEndId>12345678</EndToEndId>
				<ChckFlg>CE01</ChckFlg>
				<AddtlInf>String</AddtlInf>
			</DbtrDtls>
		</BtchColltnChrgsInf>
	</BtchColltnChrgs>
</Document>
