<?xml version="1.0" encoding="UTF-8"?>
<!--示例 XML 文件由 XMLSpy v2006 U 创建 (http://www.altova.com)-->
<Document xmlns="urn:cnaps:std:beps:2010:tech:xsd:beps.725.001.01" xmlns:xsi="http://www.w3.org/2001/XMLSchema-instance">
	<TxDwnldRspn>
		<GrpHdr>
			<MsgId>2010101000001258</MsgId>
			<CreDtTm>2010-10-10T09:30:30</CreDtTm>
			<InstgPty>
				<InstgDrctPty>0000</InstgDrctPty>
				<InstgPty>0000</InstgPty>
			</InstgPty>
			<InstdPty>
				<InstdDrctPty>308581000106</InstdDrctPty>
				<InstdPty>308581000106</InstdPty>
			</InstdPty>
			<SysCd>BEPS</SysCd>
			<Rmk>测试测试测试测试测试</Rmk>
		</GrpHdr>
		<OrgnlGrpHdr>
			<OrgnlMsgId>2010101000001257</OrgnlMsgId>
			<OrgnlInstgPty>308581000106</OrgnlInstgPty>
			<OrgnlMT>beps.724.001.01</OrgnlMT>
		</OrgnlGrpHdr>
		<TxDwnldRspnInf>
			<NPCPrcInf>
				<PrcSts>PR05</PrcSts>
				<PrcCd>CB1I0000</PrcCd>
			</NPCPrcInf>
			<OrgnlMsgSts>
				<NPCPrcInf>
					<PrcSts>PR04</PrcSts>
					<PrcCd>CB1I0000</PrcCd>
					<NetgDt>2010-10-09</NetgDt>
					<NetgRnd>3</NetgRnd>
					<SttlmDt>2010-10-09</SttlmDt>
				</NPCPrcInf>
			</OrgnlMsgSts>
			<OrgnlMsgCntt>
				<Cntt>dsfadfadfasdfwefewgfdgfdgtrhregregfadsfadfwefqewfrefwfqwefqew</Cntt>
			</OrgnlMsgCntt>
		</TxDwnldRspnInf>
	</TxDwnldRspn>
</Document>
