﻿<?xml version="1.0" encoding="GBK"?>
<Document xmlns="urn:iso:std:iso:20022:tech:xsd:pacs.002.001.03" xmlns:xsi="http://www.w3.org/2001/XMLSchema-instance">
	<FIToFIPmtStsRpt>
		<GrpHdr>
			<MsgId>2010101000001265</MsgId>
			<CreDtTm>2010-10-10T09:30:30</CreDtTm>
		</GrpHdr>
		<OrgnlGrpInfAndSts>
			<OrgnlMsgId>2010101000001262</OrgnlMsgId>
			<OrgnlMsgNmId>beps.123.001.01</OrgnlMsgNmId>
		</OrgnlGrpInfAndSts>
		<TxInfAndSts>
			<StsId>PR05</StsId>
			<OrgnlTxId>2010101000070001</OrgnlTxId>
			<StsRsnInf>
				<Rsn>
					<Prtry>C101</Prtry>
				</Rsn>
				<AddtlInf>654654</AddtlInf>
			</StsRsnInf>
			<OrgnlTxRef>
				<IntrBkSttlmAmt Ccy="CNY">2000.00</IntrBkSttlmAmt>
				<PmtTpInf>
					<CtgyPurp>
						<Prtry>C101</Prtry>
					</CtgyPurp>
				</PmtTpInf>
				<MndtRltdInf>
					<AmdmntInfDtls>
						<OrgnlDbtrAgt>
							<FinInstnId>
								<ClrSysMmbId>
									<MmbId>308581000106</MmbId>
								</ClrSysMmbId>
							</FinInstnId>
							<BrnchId>
								<Id>308581000106</Id>
							</BrnchId>
						</OrgnlDbtrAgt>
					</AmdmntInfDtls>
				</MndtRltdInf>
				<RmtInf>
					<Ustrd>CNY20.00</Ustrd>
				</RmtInf>
			<DbtrAgt>
				<FinInstnId>
					<ClrSysMmbId>
						<MmbId>308581000106</MmbId>
					</ClrSysMmbId>
				</FinInstnId>
				<BrnchId>
					<Id>308581000106</Id>
				</BrnchId>
			</DbtrAgt>
			<CdtrAgt>
				<FinInstnId>
					<ClrSysMmbId>
						<MmbId>104100004370</MmbId>
					</ClrSysMmbId>
				</FinInstnId>
				<BrnchId>
					<Id>104100004370</Id>
				</BrnchId>
			</CdtrAgt>
			</OrgnlTxRef>
		</TxInfAndSts>
	</FIToFIPmtStsRpt>
</Document>
