<?xml version="1.0" encoding="UTF-8"?>
<Document xmlns="urn:cnaps:std:beps:2010:tech:xsd:beps.387.001.01">
	<RealTmPmtByAgcyRspn>
		<GrpHdr>
			<MsgId>2010101000001278</MsgId>
			<CreDtTm>2011-01-30T09:31:47.0Z</CreDtTm>
			<InstgPty>
				<InstgDrctPty>103100000118</InstgDrctPty>
				<InstgPty>103100000118</InstgPty>
			</InstgPty>
			<InstdPty>
				<InstdDrctPty>103100000018</InstdDrctPty>
				<InstdPty>103100000018</InstdPty>
			</InstdPty>
			<SysCd>BEPS</SysCd>
			<Rmk>实时代付业务回执报文</Rmk>
		</GrpHdr>
		<OrgnlMsgInf>
			<OrgnlMsgId>2010101000001271</OrgnlMsgId>
			<OrgnlInstgPty>103100000018</OrgnlInstgPty>
			<OrgnlBtchNb>0000001</OrgnlBtchNb>
		</OrgnlMsgInf>
		<NPCPrcInf>
			<PrcSts>1</PrcSts>
			<PrcCd>String</PrcCd>
			<RjctInf>String</RjctInf>
			<NetgDt>1967-08-13</NetgDt>
			<NetgRnd>01</NetgRnd>
			<SttlmDt>1967-08-13</SttlmDt>
			<RcvTm>2001-12-17T09:30:47.0Z</RcvTm>
			<TrnsmtTm>2001-12-17T09:30:47.0Z</TrnsmtTm>
		</NPCPrcInf>
		<RealTmPmtByAgcyRspnInf>
			<RspnInf>
				<Sts>PR00</Sts>
				<RjctCd>Stri</RjctCd>
				<RjctInf>String</RjctInf>
				<PrcPty>String</PrcPty>
			</RspnInf>
			<TxId>0000000001</TxId>
			<Dbtr>
				<Nm>李娜</Nm>
			</Dbtr>
			<DbtrAcct>
				<Id>
					<Othr>
						<Id>20110129wenwang</Id>
					</Othr>
				</Id>
			</DbtrAcct>
			<DbtrAgt>
				<BrnchId>
					<Id>103100000118</Id>
				</BrnchId>
			</DbtrAgt>
			<CdtrAgt>
				<BrnchId>
					<Id>103100000218</Id>
				</BrnchId>
			</CdtrAgt>
			<Cdtr>
				<Nm>克里斯特尔斯</Nm>
			</Cdtr>
			<CdtrAcct>
				<Id>
					<Othr>
						<Id>20110129guanjun</Id>
					</Othr>
				</Id>
			</CdtrAcct>
			<Amt Ccy="CNY">3.14159</Amt>
			<PmtTpInf>
				<CtgyPurp>
					<Prtry>D200</Prtry>
				</CtgyPurp>
			</PmtTpInf>
			<Purp>
				<Prtry>00100</Prtry>
			</Purp>
		</RealTmPmtByAgcyRspnInf>
	</RealTmPmtByAgcyRspn>
</Document>
