<?xml version="1.0" encoding="UTF-8"?>
<!--示例 XML 文件由 XMLSpy v2006 U 创建 (http://www.altova.com)-->
<Document xmlns="urn:cnaps:std:beps:2010:tech:xsd:beps.389.001.01">
	<BizConf>
		<GrpHdr>
			<MsgId>2010101000001295</MsgId>
			<CreDtTm>2011-01-30T09:30:47.0Z</CreDtTm>
			<InstgPty>
				<InstgDrctPty>103100000018</InstgDrctPty>
				<InstgPty>103100000018</InstgPty>
			</InstgPty>
			<InstdPty>
				<InstdDrctPty>0000</InstdDrctPty>
				<InstdPty>0000</InstdPty>
			</InstdPty>
			<SysCd>BEPS</SysCd>
			<Rmk>代收付业务收付款确认报文</Rmk>
		</GrpHdr>
		<OrgnlGrpHdr>
			<OrgnlMsgId>2010101000001278</OrgnlMsgId>
			<OrgnlInstgPty>103100000118</OrgnlInstgPty>
			<OrgnlMT>beps.006.001.01</OrgnlMT>
		</OrgnlGrpHdr>
		<BizConfInf>
			<RspnInf>
				<Sts>PR10</Sts>
			</RspnInf>
			<AddtlInf>String</AddtlInf>
		</BizConfInf>
	</BizConf>
</Document>
