<?xml version="1.0" encoding="UTF-8"?>
<!--示例 XML 文件由 XMLSpy v2006 U 创建 (http://www.altova.com)-->
<Document xmlns="urn:cnaps:std:beps:2010:tech:xsd:beps.415.001.01" xmlns:xsi="http://www.w3.org/2001/XMLSchema-instance">
	<RealTmBizRvslNtfy>
		<GrpHdr>
			<MsgId>2010101000001250</MsgId>
			<CreDtTm>2010-10-10T09:30:30</CreDtTm>
			<InstgPty>
				<InstgDrctPty>0000</InstgDrctPty>
				<InstgPty>0000</InstgPty>
			</InstgPty>
			<InstdPty>
				<InstdDrctPty>308581000106</InstdDrctPty>
				<InstdPty>308581000106</InstdPty>
			</InstdPty>
			<SysCd>SAPS</SysCd>
			<Rmk>String</Rmk>
		</GrpHdr>
		<OrgnlGrpHdr>
			<OrgnlMsgId>2010101000001248</OrgnlMsgId>
			<OrgnlInstgPty>103100000018</OrgnlInstgPty>
			<OrgnlMT>beps.413.001.01</OrgnlMT>
		</OrgnlGrpHdr>
		<RealTmBizRvslNtfyInf>
			<OrgnlGrpHdr>
				<OrgnlMsgId>2010101000001201</OrgnlMsgId>
				<OrgnlInstgPty>103100000018</OrgnlInstgPty>
				<OrgnlMT>beps.123.001.01</OrgnlMT>
			</OrgnlGrpHdr>
		</RealTmBizRvslNtfyInf>
	</RealTmBizRvslNtfy>
</Document>
