<?xml version="1.0" encoding="UTF-8"?>
<!--示例 XML 文件由 XMLSpy v2006 U 创建 (http://www.altova.com)-->
<Document xmlns="urn:iso:std:iso:20022:tech:xsd:camt.054.001.02" xmlns:xsi="http://www.w3.org/2001/XMLSchema-instance">
	<BkToCstmrDbtCdtNtfctn>
		<GrpHdr>
			<MsgId>2010101000001262</MsgId>
			<CreDtTm>2010-10-10T09:30:30</CreDtTm>
			<MsgRcpt>
				<Id>
					<PrvtId>
						<Othr>
							<Id>308581000106</Id>
							<Issr>103100000018</Issr>
						</Othr>
					</PrvtId>
				</Id>
			</MsgRcpt>
		</GrpHdr>
		<Ntfctn>
			<Id>PMT100001102</Id>
			<CreDtTm>2010-10-10T09:30:30</CreDtTm>
			<Acct>
				<Id>
					<Othr>
						<Id>1</Id>
					</Othr>
				</Id>
			</Acct>
			<Ntry>
				<NtryRef>00400</NtryRef>
				<Amt Ccy="CNY">500.00</Amt>
				<CdtDbtInd>DBIT</CdtDbtInd>
				<Sts>INFO</Sts>
				<BkTxCd>
				</BkTxCd>
				<NtryDtls>
					<TxDtls>
						<RltdPties>
							<Dbtr>
								<Nm>魏</Nm>
								<Id>
									<PrvtId>
										<Othr>
											<Id>USR010021</Id>
										</Othr>
									</PrvtId>
								</Id>
							</Dbtr>
							<DbtrAcct>
								<Id>
									<Othr>
										<Id>32109000001000231201920012308909</Id>
										<Issr>103100000018</Issr>
									</Othr>
								</Id>
							</DbtrAcct>
							<Cdtr>
								<Nm>李</Nm>
								<Id>
									<PrvtId>
										<Othr>
											<Id>CMP010401</Id>
										</Othr>
									</PrvtId>
								</Id>
							</Cdtr>
							<CdtrAcct>
								<Id>
									<Othr>
										<Id>32109000001000231201920012301002</Id>
										<Issr>308581000106</Issr>
									</Othr>
								</Id>
							</CdtrAcct>
						</RltdPties>
						<RltdAgts>
							<DbtrAgt>
								<FinInstnId>
									<ClrSysMmbId>
										<MmbId>103100000018</MmbId>
									</ClrSysMmbId>
								</FinInstnId>
								<BrnchId>
									<Id>103100000018</Id>
								</BrnchId>
							</DbtrAgt>
							<CdtrAgt>
								<FinInstnId>
									<ClrSysMmbId>
										<MmbId>308581000106</MmbId>
									</ClrSysMmbId>
								</FinInstnId>
								<BrnchId>
									<Id>308581000106</Id>
								</BrnchId>
							</CdtrAgt>
						</RltdAgts>
						<RltdDts>
							<TradDt>2010-10-10</TradDt>
						</RltdDts>
					</TxDtls>
				</NtryDtls>
			</Ntry>
		</Ntfctn>
	</BkToCstmrDbtCdtNtfctn>
</Document>
