<?xml version="1.0" encoding="UTF-8"?>
<!--示例 XML 文件由 XMLSpy v2006 U 创建 (http://www.altova.com)-->
<Document xmlns="urn:cnaps:std:beps:2010:tech:xsd:beps.403.001.01" xmlns:xsi="http://www.w3.org/2001/XMLSchema-instance">
	<InvcPrtApply>
		<GrpHdr>
			<MsgId>2010101000001245</MsgId>
			<CreDtTm>2010-10-10T09:30:30</CreDtTm>
			<InstgPty>
				<InstgDrctPty>104100004370</InstgDrctPty>
				<InstgPty>104100004370</InstgPty>
			</InstgPty>
			<InstdPty>
				<InstdDrctPty>103100000018</InstdDrctPty>
				<InstdPty>103100000018</InstdPty>
			</InstdPty>
			<SysCd>BEPS</SysCd>
			<Rmk>测试测试测试测试</Rmk>
		</GrpHdr>
		<InvcPrtApplyInf>
			<CtgyPurpCd>00100</CtgyPurpCd>
			<CorprtnId>QT0201212121</CorprtnId>
			<UsrId>USR012121212</UsrId>
			<InvcDt>20100101</InvcDt>
			<InvcId>BL001001</InvcId>
		</InvcPrtApplyInf>
	</InvcPrtApply>
</Document>
