<?xml version="1.0" encoding="UTF-8"?>
<!--Sample XML file generated by XMLSpy v2009 sp1 (http://www.altova.com)-->
<Document xmlns="urn:cnaps:std:ccms:2010:tech:xsd:ccms.919.001.01" xmlns:xsi="http://www.w3.org/2001/XMLSchema-instance">
	<CertDwnLdApply>
		<GrpHdr>
			<MsgId>2010090909898907</MsgId>
			<CreDtTm>2010-09-09T09:30:47</CreDtTm>
			<InstgPty>
				<InstgDrctPty>104100004370</InstgDrctPty>
				<InstgPty>104100004371</InstgPty>
			</InstgPty>
			<InstdPty>
				<InstdDrctPty>0000</InstdDrctPty>
				<InstdPty>907100011301</InstdPty>
			</InstdPty>
			<SysCd>HVPS</SysCd>
			<Rmk>a</Rmk>
		</GrpHdr>
		<CertfctnList>
			<MmbCd>103100000018</MmbCd>
		</CertfctnList>
	</CertDwnLdApply>
</Document>
