<?xml version="1.0" encoding="UTF-8"?>
<!--Sample XML file generated by XMLSpy v2009 sp1 (http://www.altova.com)-->
<Document xmlns="urn:cnaps:std:ccms:2010:tech:xsd:ccms.990.001.02" xmlns:xsi="http://www.w3.org/2001/XMLSchema-instance">
	<ComConf>
		<ConfInf>
			<OrigSndr>103100000018</OrigSndr>
			<OrigSndDt>20100909</OrigSndDt>
			<MT>hvps.111.001.01</MT>
			<MsgId>12345645912093812230</MsgId>
			<MsgRefId>12345645912093810230</MsgRefId>
			<MsgPrcCd>0000</MsgPrcCd>
		</ConfInf>	
	</ComConf>
</Document>
