<?xml version="1.0" encoding="UTF-8"?>
<!--示例 XML 文件由 XMLSpy v2006 U 创建 (http://www.altova.com)-->
<Document xmlns="urn:cnaps:std:ccms:2010:tech:xsd:ccms.314.001.01" xmlns:xsi="http://www.w3.org/2001/XMLSchema-instance">
	<BizQry>
		<GrpHdr>
			<MsgId>2010101000001260</MsgId>
			<CreDtTm>2001-12-17T09:30:47</CreDtTm>
			<InstgPty>
				<InstgDrctPty>103100000018</InstgDrctPty>
				<InstgPty>104100004370</InstgPty>
			</InstgPty>
			<InstdPty>
				<InstdDrctPty>308581000106</InstdDrctPty>
				<InstdPty>907100011301</InstdPty>
			</InstdPty>
			<SysCd>HVPS</SysCd>
			<Rmk>备注备注备注</Rmk>
		</GrpHdr>
		<BizQryInf>
			<QryTp>QT00</QryTp>
			<OrgnlInf>
				<OrgnlGrpHdr>
					<OrgnlMsgId>2010101000001460</OrgnlMsgId>
					<OrgnlInstgPty>104100004370</OrgnlInstgPty>
					<OrgnlMT>hvps.111.001.01</OrgnlMT>
				</OrgnlGrpHdr>
				<OrgnlTx>
					<InstgIndrctPty>104100004370</InstgIndrctPty>
					<InstdIndrctPty>907100011301</InstdIndrctPty>
					<OrgnlTxId>2010020200000001</OrgnlTxId>
					<OrgnlTxTpCd>A100</OrgnlTxTpCd>
				</OrgnlTx>
				<Amt Ccy="CNY">89000.00</Amt>
				<BllInf>
					<BllNb>00001260</BllNb>
					<AccptDt>2010-09-20</AccptDt>
					<BllDt>2010-09-09</BllDt>
					<DrftDueDt>2010-10-10</DrftDueDt>
					<DrwrFullNm>中国银行</DrwrFullNm>
					<CdtrFullNm>建设银行</CdtrFullNm>
					<DbtrBkFullNm>中国银行</DbtrBkFullNm>
				</BllInf>
			</OrgnlInf>
			<Cntt>查询内容查询内容查询内容</Cntt>
		</BizQryInf>
	</BizQry>
</Document>
