<?xml version="1.0" encoding="UTF-8"?>
<!--Sample XML file generated by XMLSpy v2009 sp1 (http://www.altova.com)-->
<Document xmlns="urn:cnaps:std:ccms:2010:tech:xsd:ccms.911.001.02" xmlns:xsi="http://www.w3.org/2001/XMLSchema-instance">
	<DscrdMsgNtfctn>
		<DscrdInf>
			<OrigSndr>103100000018</OrigSndr>
			<OrigSndDt>20100909</OrigSndDt>
			<MT>hvps.111.001.01</MT>
			<MsgId>223456912093812230</MsgId>
			<MsgRefId>123645912093812530</MsgRefId>
			<PrcCd>CB1O1001</PrcCd>
			<RjctInf>报文无法解析</RjctInf>
		</DscrdInf>	
	</DscrdMsgNtfctn>
</Document>
