<?xml version="1.0" encoding="UTF-8"?>
<!--示例 XML 文件由 XMLSpy v2006 U 创建 (http://www.altova.com)-->
<Document xmlns="urn:cnaps:std:ccms:2010:tech:xsd:ccms.991.001.01" xmlns:xsi="http://www.w3.org/2001/XMLSchema-instance">
	<ChckReq>
		<ChckInf>
			<SndNd>103100000018</SndNd>
			<SndSvcrNm>SERVERNAME</SndSvcrNm>
			<SndLineMgrNm>QMUNPCA</SndLineMgrNm>
			<SndRoadNm>npc.mbfe</SndRoadNm>
			<SndDt>1234</SndDt>
			<RcvNd>String</RcvNd>
			<RcvSvcrNm>SERVERNAME2</RcvSvcrNm>
			<RcvLineMgr>QMUMBFEA</RcvLineMgr>
			<RspnLineNm>line</RspnLineNm>
		</ChckInf>
		<SndSvcrMgmtInf>
			<SndSvcrRcvSts>1</SndSvcrRcvSts>
			<SndNdMgmtSts>1</SndNdMgmtSts>
			<RcvNdMgmtSts>1</RcvNdMgmtSts>
		</SndSvcrMgmtInf>
	</ChckReq>
</Document>
