<?xml version="1.0" encoding="UTF-8"?>
<!--Sample XML file generated by XMLSpy v2009 sp1 (http://www.altova.com)-->
<Document xmlns="urn:cnaps:std:ccms:2010:tech:xsd:ccms.913.001.01" xmlns:xsi="http://www.w3.org/2001/XMLSchema-instance">
	<CISAgcyChngNtfctn>
		<GrpHdr>
			<MsgId>2010090909876563</MsgId>
			<CreDtTm>2010-09-09T09:30:47</CreDtTm>
			<InstgPty>
				<InstgDrctPty>0000</InstgDrctPty>
				<InstgPty>104100004370</InstgPty>
			</InstgPty>
			<InstdPty>
				<InstdDrctPty>000000000000</InstdDrctPty>
				<InstdPty>907100011301</InstdPty>
			</InstdPty>
			<SysCd>BEPS</SysCd>
			<Rmk>a</Rmk>
		</GrpHdr>
		<NbInf>
			<ChngNb>00000001</ChngNb>
			<ChngRcrdNb>1</ChngRcrdNb>
		</NbInf>
		<ChngInf>
			<ChngCtrl>
				<ChngTp>CC00</ChngTp>
				<FctvTp>EF00</FctvTp>
			</ChngCtrl>
			<NcisBkCd>104100004370</NcisBkCd>
			<BepsAgcyBkCd>103100000018</BepsAgcyBkCd>
		</ChngInf>
	</CISAgcyChngNtfctn>
</Document>
