<?xml version="1.0" encoding="UTF-8"?>
<Document xmlns="urn:cnaps:std:hvps:2010:tech:xsd:hvps.710.001.01">
	<AcctChckngReq>
		<GrpHdr>
			<MsgId>2010090500001234</MsgId>
			<CreDtTm>2010-09-15T10:00:00</CreDtTm>
			<InstgPty>
				<InstgDrctPty>103100000000</InstgDrctPty>
				<InstgPty>103100000010</InstgPty>
			</InstgPty>
			<InstdPty>
				<InstdDrctPty>0000</InstdDrctPty>
				<InstdPty>0000</InstdPty>
			</InstdPty>
			<SysCd>HVPS</SysCd>
			<Rmk>大额业务对账申请报文</Rmk>
		</GrpHdr>
		<AcctChckngReqInf>
			<ChckngDt>2010-09-14</ChckngDt>
		</AcctChckngReqInf>
	</AcctChckngReq>
</Document>
