<?xml version="1.0" encoding="UTF-8"?>
<Document xmlns="urn:cnaps:std:hvps:2010:tech:xsd:hvps.153.001.01">
	<RtrgBkDrftCptlAppl>
		<GrpHdr>
			<MsgId>2010090500001234</MsgId>
			<CreDtTm>2010-09-15T10:00:00</CreDtTm>
			<InstgPty>
				<InstgDrctPty>103100000000</InstgDrctPty>
				<InstgPty>103100000010</InstgPty>
			</InstgPty>
			<InstdPty>
				<InstdDrctPty>108900000000</InstdDrctPty>
				<InstdPty>108900000000</InstdPty>
			</InstdPty>
			<SysCd>HVPS</SysCd>
			<Rmk>银行汇票申请退回业务报文</Rmk>
		</GrpHdr>
		<RtrgBkDrftCptlApplInf>
			<DrftInf>
				<Dt>1967-08-13</Dt>
				<Nb>01234567890123456789012345678901</Nb>
				<TstCd>0123456789</TstCd>
				<Tp>CT00</Tp>
				<Amt Ccy="CNY">100.00</Amt>
				<IssrBk>103100000000</IssrBk>
				<RcvrNm>卡卡</RcvrNm>
			</DrftInf>
		</RtrgBkDrftCptlApplInf>
	</RtrgBkDrftCptlAppl>
</Document>
