<?xml version="1.0" encoding="UTF-8"?>
<!--示例 XML 文件由 XMLSpy v2006 U 创建 (http://www.altova.com)-->
<Document xmlns="urn:cnaps:std:hvps:2010:tech:xsd:hvps.631.001.01">
	<MulNetSttlm>
		<GrpHdr>
			<MsgId>2010090500004321</MsgId>
			<CreDtTm>2010-09-15T10:00:00</CreDtTm>
			<InstgPty>
				<InstgDrctPty>103100000000</InstgDrctPty>
				<InstgPty>103100000010</InstgPty>
			</InstgPty>
			<InstdPty>
				<InstdDrctPty>0000</InstdDrctPty>
				<InstdPty>0000</InstdPty>
			</InstdPty>
			<SysCd>HVPS</SysCd>
			<Rmk>大额业务明细核对应答报文</Rmk>
		</GrpHdr>
		<MulNetSttlmInf>
			<TxTp>G002</TxTp>
			<CtgyPurpCd>02001</CtgyPurpCd>
			<NetgRnd>1</NetgRnd>
			<DbtrAmt>CNY+0.01</DbtrAmt>
			<CdtrAmt>CNY+1.00</CdtrAmt>
			<OverDrft>OD00</OverDrft>
			<NbOfMmb>1</NbOfMmb>
			<BookgList>
				<BookgId>105000000000</BookgId>
				<DbtCdtId>CRDT</DbtCdtId>
				<Amt Ccy="CNY">3.14159</Amt>
				<CstmrInf>
					<Issr>10101001100</Issr>
					<Id>0908980</Id>
					<Nm>梅西</Nm>
					<CstmrAmt Ccy="CNY">3.14159</CstmrAmt>
				</CstmrInf>	
			</BookgList>
		</MulNetSttlmInf>
	</MulNetSttlm>
</Document>
