<?xml version="1.0" encoding="UTF-8"?>
<!--示例 XML 文件由 XMLSpy v2006 U 创建 (http://www.altova.com)-->
<Document xmlns="urn:cnaps:std:hvps:2010:tech:xsd:hvps.154.001.01">
	<WdrwlRspn>
		<GrpHdr>
			<MsgId>2010090500001235</MsgId>
			<CreDtTm>2011-03-08T10:00:00</CreDtTm>
			<InstgPty>
				<InstgDrctPty>108900000000</InstgDrctPty>
				<InstgPty>108900000000</InstgPty>
			</InstgPty>
			<InstdPty>
				<InstdDrctPty>103100000000</InstdDrctPty>
				<InstdPty>103100000010</InstdPty>
			</InstdPty>
			<SysCd>HVPS</SysCd>
			<Rmk>取现回执报文</Rmk>
		</GrpHdr>
		<InstnInf>
			<AcctgSbjtCd>000000000000</AcctgSbjtCd>
			<AcctgSbjtNm>String</AcctgSbjtNm>
			<BrnchCd>000000000000</BrnchCd>
			<BrnchNm>String</BrnchNm>
		</InstnInf>
		<WdrwlRspnInf>
			<TxId>00000001</TxId>
			<OrgnlTxId>00000002</OrgnlTxId>
			<MmbId>105100000000</MmbId>
			<BrnchId>105100000000</BrnchId>
			<PstngAcct>00000000000000000000000000000000</PstngAcct>
			<PstngNm>String</PstngNm>
			<InstnId>000000000000</InstnId>
			<InstnNm>String</InstnNm>
			<SttlmPrty>HIGH</SttlmPrty>
			<Amt Ccy="CNY">3.14159</Amt>
			<PmtTp>1</PmtTp>
			<Tp>TM00</Tp>
		</WdrwlRspnInf>
	</WdrwlRspn>
</Document>
