<?xml version="1.0" encoding="UTF-8"?>
<!--示例 XML 文件由 XMLSpy v2006 U 创建 (http://www.altova.com)-->
<Document xmlns="urn:cnaps:std:hvps:2010:tech:xsd:hvps.632.001.01">
	<MulNetSttlmRct>
		<GrpHdr>
			<MsgId>2010090500004321</MsgId>
			<CreDtTm>2010-09-15T10:00:00</CreDtTm>
			<InstgPty>
				<InstgDrctPty>0000</InstgDrctPty>
				<InstgPty>0000</InstgPty>
			</InstgPty>
			<InstdPty>
				<InstdDrctPty>103100000000</InstdDrctPty>
				<InstdPty>103100000010</InstdPty>
			</InstdPty>
			<SysCd>HVPS</SysCd>
			<Rmk>多边轧差净额结算清算回执报文</Rmk>
		</GrpHdr>
		<OrgnlGrpHdr>
			<OrgnlMsgId>2010090500001234</OrgnlMsgId>
			<OrgnlInstgPty>103100000000</OrgnlInstgPty>
			<OrgnlMT>hvps.631.001.01</OrgnlMT>
		</OrgnlGrpHdr>
		<NPCPrcInf>
			<PrcSts>PR04</PrcSts>
			<PrcCd>CB1I0000</PrcCd>
			<SttlmDt>2010-09-15</SttlmDt>
			<TrnsmtTm>2010-09-15T10:00:02</TrnsmtTm>
		</NPCPrcInf>
		<MulNetSttlmRctInf>
			<Bal>CNY+555555.00</Bal>
			<TtlAmt>CNY+2222.00</TtlAmt>
			<Dtls>
				<Id>10310000000119</Id>
				<Amt Ccy="CNY">2222.00</Amt>
				<NPCPrcInf>
					<PrcSts>PR04</PrcSts>
					<PrcCd>CB1I0000</PrcCd>
					<SttlmDt>2010-09-15</SttlmDt>
					<TrnsmtTm>2010-09-15T10:00:02</TrnsmtTm>
				</NPCPrcInf>
			</Dtls>
		</MulNetSttlmRctInf>
	</MulNetSttlmRct>
</Document>
