<?xml version="1.0" encoding="UTF-8"?>
<Document xmlns="urn:cnaps:std:hvps:2010:tech:xsd:hvps.142.001.01">
	<ImdtTrfNtfctn>
		<GrpHdr>
			<MsgId>2010090500001234</MsgId>
			<CreDtTm>2010-09-15T10:00:00</CreDtTm>
			<InstgPty>
				<InstgDrctPty>0000</InstgDrctPty>
				<InstgPty>0000</InstgPty>
			</InstgPty>
			<InstdPty>
				<InstdDrctPty>109900000000</InstdDrctPty>
				<InstdPty>109900000018</InstdPty>
			</InstdPty>
			<SysCd>HVPS</SysCd>
			<Rmk>即时转账</Rmk>
		</GrpHdr>
		<ImdtTrfNtfctnInf>
			<Dbtr>
				<Nm>梅西</Nm>
			</Dbtr>
			<DbtrAcct>
				<Id>
					<Othr>
						<Id>12345678900987654321012345678912</Id>
						<Issr>103100000018</Issr>
					</Othr>
				</Id>
			</DbtrAcct>
			<DbtrAgt>
				<FIId>
					<ClrSysMmbId>
						<MmbId>103100000000</MmbId>
					</ClrSysMmbId>
				</FIId>
				<BrnchId>
					<Id>103100000010</Id>
				</BrnchId>
			</DbtrAgt>
			<CdtrAgt>
				<FIId>
					<ClrSysMmbId>
						<MmbId>103200000000</MmbId>
					</ClrSysMmbId>
				</FIId>
				<BrnchId>
					<Id>103200000010</Id>
				</BrnchId>
			</CdtrAgt>
			<Cdtr>
				<Nm>卡卡</Nm>
			</Cdtr>
			<CdtrAcct>
				<Id>
					<Othr>
						<Id>abcdefghijklmnopqrstuvwxyz132468</Id>
						<Issr>103200000013</Issr>
					</Othr>
				</Id>
			</CdtrAcct>
			<Amt Ccy="CNY">100.00</Amt>
			<PmtTpInf>
				<CtgyPurp>
					<Prtry>G002</Prtry>
				</CtgyPurp>
			</PmtTpInf>
			<Purp>
				<Prtry>05032</Prtry>
			</Purp>
			<NtceTp>NT00</NtceTp>
			<ClrSysMmbId>
				<MmbId>109900000018</MmbId>
			</ClrSysMmbId>
			<OrgnlMsgId>2010090500001212</OrgnlMsgId>
			<TxBtch>01234567</TxBtch>
		</ImdtTrfNtfctnInf>
	</ImdtTrfNtfctn>
</Document>
