<?xml version="1.0" encoding="UTF-8"?>
<Document xmlns="urn:iso:std:iso:20022:tech:xsd:pacs.009.001.02">
	<FinInstnCdtTrf>
		<GrpHdr>
			<MsgId>1234567891234567</MsgId>
			<CreDtTm>2010-09-15T10:00:00</CreDtTm>
			<NbOfTxs>1</NbOfTxs>
			<SttlmInf>
				<SttlmMtd>CLRG</SttlmMtd>
			</SttlmInf>
			<InstgAgt>
				<FinInstnId>
					<ClrSysMmbId>
						<MmbId>109900000018</MmbId>
					</ClrSysMmbId>
				</FinInstnId>
			</InstgAgt>
			<InstdAgt>
				<FinInstnId>
					<ClrSysMmbId>
						<MmbId>0000</MmbId>
					</ClrSysMmbId>
				</FinInstnId>			
			</InstdAgt>
		</GrpHdr>
		<CdtTrfTxInf>
			<PmtId>
				<EndToEndId>1234567891234567</EndToEndId>
				<TxId>1234567891234567</TxId>
			</PmtId>
			<PmtTpInf>
				<SvcLvl>
					<Prtry>G102</Prtry>
				</SvcLvl>
			</PmtTpInf>
			<IntrBkSttlmAmt Ccy="CNY">10000000.23</IntrBkSttlmAmt>
		<InstgAgt>
				<FinInstnId>
					<ClrSysMmbId>
						<MmbId>308581000106</MmbId>
					</ClrSysMmbId>
				</FinInstnId>
				<BrnchId>
					<Id>308581000106</Id>
				</BrnchId>
			</InstgAgt>
			<InstdAgt>
				<FinInstnId>
					<ClrSysMmbId>
						<MmbId>104100004370</MmbId>
					</ClrSysMmbId>
				</FinInstnId>
				<BrnchId>
					<Id>104100004370</Id>
				</BrnchId>
			</InstdAgt>
			<Dbtr>
				<FinInstnId>
					<Nm>林</Nm>
					<PstlAdr>
						<AdrLine>地址地址地址</AdrLine>
					</PstlAdr>
				</FinInstnId>
			</Dbtr>
			<DbtrAcct>
				<Id>
					<Othr>
						<Id>2310230111201111210123100010231</Id>
					</Othr>
				</Id>
			</DbtrAcct>
			<DbtrAgt>
				<FinInstnId>
					<ClrSysMmbId>
						<MmbId>308581000106</MmbId>
					</ClrSysMmbId>
				</FinInstnId>
			</DbtrAgt>
			<CdtrAgt>
				<FinInstnId>
					<ClrSysMmbId>
						<MmbId>104100004370</MmbId>
					</ClrSysMmbId>
				</FinInstnId>
			</CdtrAgt>
			<Cdtr>
				<FinInstnId>
					<Nm>肖</Nm>
					<PstlAdr>
						<AdrLine>地址地址地址</AdrLine>
					</PstlAdr>
				</FinInstnId>
			</Cdtr>
			<CdtrAcct>
				<Id>
					<Othr>
						<Id>2310230111201111210123100010001</Id>
					</Othr>
				</Id>
			</CdtrAcct>
			<RmtInf>
				<Ustrd>/F25/05023</Ustrd>
				<Ustrd>/E48/01234567</Ustrd>
				<Ustrd>/H01/债券市场交易结算</Ustrd>
				<Ustrd>/E40/12345678909876543210123456789abc</Ustrd>
				<Ustrd>/D14/CNY100000.23</Ustrd>
				<Ustrd>/D32/CNY100000.23</Ustrd>
				<Ustrd>/D33/CNY100000.23</Ustrd>
				<Ustrd>/D11/CNY100000.23</Ustrd>
				<Ustrd>/D34/CNY100000.23</Ustrd>
				<Ustrd>/C19/2010-09-15</Ustrd>
			</RmtInf>
		</CdtTrfTxInf>
	</FinInstnCdtTrf>
</Document>
