<?xml version="1.0" encoding="UTF-8"?>
<Document xmlns="urn:iso:std:iso:20022:tech:xsd:pacs.008.001.02">
	<FIToFICstmrCdtTrf>
		<GrpHdr>
			<MsgId>1234567891234567</MsgId>
			<CreDtTm>2010-09-15T10:00:00</CreDtTm>
			<NbOfTxs>1</NbOfTxs>
			<SttlmInf>
				<SttlmMtd>CLRG</SttlmMtd>
			</SttlmInf>
		</GrpHdr>
		<CdtTrfTxInf>
			<PmtId>
				<EndToEndId>1234567891234567</EndToEndId>
				<TxId>1234567891234567</TxId>
			</PmtId>
			<PmtTpInf>
				<CtgyPurp>
					<Prtry>A202 </Prtry>
				</CtgyPurp>
			</PmtTpInf>
			<IntrBkSttlmAmt Ccy="CNY">10000000.23</IntrBkSttlmAmt>
			<IntrBkSttlmDt>2010-09-15</IntrBkSttlmDt>
			<SttlmPrty>HIGH</SttlmPrty>
			<ChrgBr>DEBT</ChrgBr>
			<InstgAgt>
				<FinInstnId>
					<ClrSysMmbId>
						<MmbId>308581000106</MmbId>
					</ClrSysMmbId>
				</FinInstnId>
				<BrnchId>
					<Id>308581000106</Id>
				</BrnchId>
			</InstgAgt>
			<InstdAgt>
				<FinInstnId>
					<ClrSysMmbId>
						<MmbId>104100004370</MmbId>
					</ClrSysMmbId>
				</FinInstnId>
				<BrnchId>
					<Id>104100004370</Id>
				</BrnchId>
			</InstdAgt>
			<IntrmyAgt1>
				<FinInstnId>
					<ClrSysMmbId>
						<MmbId>123456789012345678</MmbId>
					</ClrSysMmbId>
					<Nm>花旗银行</Nm>
				</FinInstnId>	
			</IntrmyAgt1>
			<Dbtr>
				<Nm>林</Nm>
				<PstlAdr>
					<AdrLine>地址地址地址</AdrLine>
				</PstlAdr>
			</Dbtr>
			<DbtrAcct>
				<Id>
					<Othr>
						<Id>2310230111201111210123100010231</Id>
					</Othr>
				</Id>
			</DbtrAcct>
			<DbtrAgt>
				<FinInstnId>
					<ClrSysMmbId>
						<MmbId>308581000106</MmbId>
					</ClrSysMmbId>
				</FinInstnId>
			</DbtrAgt>
			<CdtrAgt>
				<FinInstnId>
					<ClrSysMmbId>
						<MmbId>104100004370</MmbId>
					</ClrSysMmbId>
				</FinInstnId>
			</CdtrAgt>
			<Cdtr>
				<Nm>肖</Nm>
				<PstlAdr>
					<AdrLine>地址地址地址</AdrLine>
				</PstlAdr>
			</Cdtr>
			<CdtrAcct>
				<Id>
					<Othr>
						<Id>2310230111201111210123100010001</Id>
					</Othr>
				</Id>
			</CdtrAcct>
			<Purp>
				<Prtry>05003</Prtry>
			</Purp>
			<RmtInf>
				<Ustrd>/H01/银行汇票资金汇划</Ustrd>
				<Ustrd>/C10/2010-09-14</Ustrd>
				<Ustrd>/E15/0123456789</Ustrd>
				<Ustrd>/F51/DR02</Ustrd>
				<Ustrd>/D14/CNY100000.86</Ustrd>
				<Ustrd>/A59/103200000013</Ustrd>
				<Ustrd>/B11/abcdefghijklmnopqrstuvwxyz132468</Ustrd>
				<Ustrd>/B17/卡卡</Ustrd>
				<Ustrd>/B13/梅西</Ustrd>
				<Ustrd>/A60/103100000018</Ustrd>
				<Ustrd>/B12/103100000018</Ustrd>
				<Ustrd>/B22/梅西</Ustrd>
				<Ustrd>/D31/CNY0.00</Ustrd>
				<Ustrd>/D11/CNY100000.00</Ustrd>
				<Ustrd>/C09/2010-09-15</Ustrd>
				<Ustrd>/A07/103200000013</Ustrd>
			</RmtInf>
		</CdtTrfTxInf>
	</FIToFICstmrCdtTrf>
</Document>
