<?xml version="1.0" encoding="UTF-8"?>
<!--Sample XML file generated by XMLSpy v2009 sp1 (http://www.altova.com)-->
<Document xsi:schemaLocation="urn:cnaps:std:nets:2010:tech:xsd:nets.354.001.01 nets.354.001.01.xsd" xmlns="urn:cnaps:std:nets:2010:tech:xsd:nets.354.001.01" xmlns:xsi="http://www.w3.org/2001/XMLSchema-instance">
	<NetDbtWrngApply>
		<GrpHdr>
			<MsgId>2010090912345678</MsgId>
			<CreDtTm>2010-09-09T09:30:47</CreDtTm>
			<InstgPty>
				<InstgDrctPty>0000</InstgDrctPty>
				<InstgPty>0000</InstgPty>
			</InstgPty>
			<InstdPty>
				<InstdDrctPty>104100004370</InstdDrctPty>
				<InstdPty>104100004370</InstdPty>
			</InstdPty>
			<SysCd>NETS</SysCd>
			<Rmk>aasdfs</Rmk>
		</GrpHdr>
		<NetDbtWrngApplyInf>
			<MmbId>104100004370</MmbId>
			<SwtchTp>ST00</SwtchTp>
			<WrngVal Ccy="CNY">1000.00</WrngVal>
		</NetDbtWrngApplyInf>
	</NetDbtWrngApply>
</Document>