<?xml version="1.0" encoding="UTF-8"?>
<!--Sample XML file generated by XMLSpy v2009 sp1 (http://www.altova.com)-->
<Document xsi:schemaLocation="urn:swift:xsd:camt.050.001.02 camt.050.001.02.xsd" xmlns="urn:swift:xsd:camt.050.001.02" xmlns:xsi="http://www.w3.org/2001/XMLSchema-instance">
	<LqdtyCdtTfr>
			<MsgId>
			  <Id>2010090912344446</Id>
			</MsgId>
			<CdtAcct>
				<Id>
					<DmstAcct>
						<Id>103100000018</Id>
					</DmstAcct>
				</Id>
			</CdtAcct>
			<TrfdAmt>
				<AmtWthCcy Ccy="CNY">100.00</AmtWthCcy>
			</TrfdAmt>
	</LqdtyCdtTfr>
</Document>

