<?xml version="1.0" encoding="UTF-8"?>
<!--Sample XML file generated by XMLSpy v2009 sp1 (http://www.altova.com)-->
<Document xsi:schemaLocation="urn:cnaps:std:nets:2010:tech:xsd:nets.617.001.01 nets.617.001.01.xsd" xmlns="urn:cnaps:std:nets:2010:tech:xsd:nets.617.001.01" xmlns:xsi="http://www.w3.org/2001/XMLSchema-instance">
	<BEPSNetgQry>
		<GrpHdr>
			<MsgId>2010090912345222</MsgId>
			<CreDtTm>2010-09-09T09:30:47</CreDtTm>
			<InstgPty>
				<InstgDrctPty>308581000106</InstgDrctPty>
				<InstgPty>308581000106</InstgPty>
			</InstgPty>
			<InstdPty>
				<InstdDrctPty>0000</InstdDrctPty>
				<InstdPty>0000</InstdPty>
			</InstdPty>
			<SysCd>NETS</SysCd>
			<Rmk>a</Rmk>
		</GrpHdr>
		<BEPSNetgQryInf>
			<NetgDt>2010-09-09</NetgDt>
			<NetgRnd>1</NetgRnd>
			<QryTp>QT00</QryTp>
			<MmbId>103100000018</MmbId>
		</BEPSNetgQryInf>
	</BEPSNetgQry>
</Document>
