<?xml version="1.0" encoding="UTF-8"?>
<!--Sample XML file generated by XMLSpy v2009 sp1 (http://www.altova.com)-->
<Document xsi:schemaLocation="urn:cnaps:std:nets:2010:tech:xsd:nets.353.001.01 nets.353.001.01.xsd" xmlns="urn:cnaps:std:nets:2010:tech:xsd:nets.353.001.01" xmlns:xsi="http://www.w3.org/2001/XMLSchema-instance">
	<NetDbtLmtDstrbtnMgmt>
		<GrpHdr>
			<MsgId>2010090912345678</MsgId>
			<CreDtTm>2010-09-09T09:30:47</CreDtTm>
			<InstgPty>
				<InstgDrctPty>308581000106</InstgDrctPty>
				<InstgPty>308581000106</InstgPty>
			</InstgPty>
			<InstdPty>
				<InstdDrctPty>0000</InstdDrctPty>
				<InstdPty>0000</InstdPty>
			</InstdPty>
			<SysCd>NETS</SysCd>
			<Rmk>aasdasda</Rmk>
		</GrpHdr>
		<NetDbtLmtDstrbtnMgmtInf>
			<MgrId>104100004370</MgrId>
			<OprClss>OC01</OprClss>
			<OprTp>OT01</OprTp>
			<NbOfMmb>1</NbOfMmb>
			<DstrbtnList>
				<MmbId>104100004371</MmbId>
				<Amt Ccy="CNY">100.00</Amt>
			</DstrbtnList>
		</NetDbtLmtDstrbtnMgmtInf>
	</NetDbtLmtDstrbtnMgmt>
</Document>
