<?xml version="1.0" encoding="UTF-8"?>
<!--示例 XML 文件由 XMLSpy v2006 U 创建 (http://www.altova.com)-->
<Document xmlns="urn:cnaps:std:saps:2010:tech:xsd:saps.741.001.01" xmlns:xsi="http://www.w3.org/2001/XMLSchema-instance">
	<ACSABSAcctChckngReq>
		<GrpHdr>
			<MsgId>2011112500000001</MsgId>
			<CreDtTm>2001-12-17T09:30:47.0Z</CreDtTm>
			<InstgPty>
				<InstgDrctPty>313290000017</InstgDrctPty>
				<InstgPty>313290000017</InstgPty>
			</InstgPty>
			<InstdPty>
				<InstdDrctPty>0000</InstdDrctPty>
				<InstdPty>0000</InstdPty>
			</InstdPty>
			<SysCd>SAPS</SysCd>
			<Rmk>String</Rmk>
		</GrpHdr>
		<ACSABSAcctChckngReqInf>
			<ChckngDt>2011-11-24</ChckngDt>
		</ACSABSAcctChckngReqInf>
	</ACSABSAcctChckngReq>
</Document>
