<?xml version="1.0" encoding="UTF-8"?>
<!--示例 XML 文件由 XMLSpy v2006 U 创建 (http://www.altova.com)-->
<Document xmlns="urn:cnaps:std:saps:2010:tech:xsd:saps.740.001.01" xmlns:xsi="http://www.w3.org/2001/XMLSchema-instance">
	<ABSAcctCmbndAppl>
		<GrpHdr>
			<MsgId>2011112500000001</MsgId>
			<CreDtTm>2001-12-17T09:30:47.0Z</CreDtTm>
			<InstgPty>
				<InstgDrctPty>313290000017</InstgDrctPty>
				<InstgPty>313290000017</InstgPty>
			</InstgPty>
			<InstdPty>
				<InstdDrctPty>0000</InstdDrctPty>
				<InstdPty>0000</InstdPty>
			</InstdPty>
			<SysCd>SAPS</SysCd>
			<Rmk>String</Rmk>
		</GrpHdr>
		<ABSAcctCmbndApplInf>
			<NbOfMmb>1</NbOfMmb>
			<ABSList>
				<OldMmbId>513584000015</OldMmbId>
				<NewMmbId>663100000013</NewMmbId>
			</ABSList>
		</ABSAcctCmbndApplInf>
	</ABSAcctCmbndAppl>
</Document>
