<?xml version="1.0" encoding="UTF-8"?>
<!--Sample XML file generated by XMLSpy v2009 sp1 (http://www.altova.com)-->
<Document xsi:schemaLocation="urn:cnaps:std:saps:2010:tech:xsd:saps.365.001.01 saps.365.001.01.xsd" xmlns="urn:cnaps:std:saps:2010:tech:xsd:saps.365.001.01" xmlns:xsi="http://www.w3.org/2001/XMLSchema-instance">
	<QMgmtAppl>
		<GrpHdr>
			<MsgId>2010090912345678</MsgId>
			<CreDtTm>2010-09-09T09:30:47</CreDtTm>
			<InstgPty>
				<InstgDrctPty>103100000018</InstgDrctPty>
				<InstgPty>103100000018</InstgPty>
			</InstgPty>
			<InstdPty>
				<InstdDrctPty>0000</InstdDrctPty>
				<InstdPty>0000</InstdPty>
			</InstdPty>
			<SysCd>SAPS</SysCd>
			<Rmk>a</Rmk>
		</GrpHdr>
		<QMgmtApplInf>
			<OrgnlGrpHdr>
				<OrgnlMsgId>2010090900005678</OrgnlMsgId>
				<OrgnlInstgPty>103100000018</OrgnlInstgPty>
				<OrgnlMT>hvps.141.001.01</OrgnlMT>
			</OrgnlGrpHdr>
			<QChngTp>QC01</QChngTp>
		</QMgmtApplInf>
	</QMgmtAppl>
</Document>
