<?xml version="1.0" encoding="UTF-8"?>
<!--Sample XML file generated by XMLSpy v2009 sp1 (http://www.altova.com)-->
<Document xsi:schemaLocation="urn:iso:std:iso:20022:tech:xsd:camt.052.001.02 camt.052.001.02.xsd" xmlns="urn:iso:std:iso:20022:tech:xsd:camt.052.001.02" xmlns:xsi="http://www.w3.org/2001/XMLSchema-instance">
	<BkToCstmrAcctRpt>
		<GrpHdr>
			<MsgId>2010090912345678</MsgId>
			<CreDtTm>2010-09-09T09:30:47</CreDtTm>
			<MsgRcpt>
				<Id>
					<OrgId>
						<Othr>
							<Id>103100000018</Id>
						</Othr>
					</OrgId>
				</Id>
			</MsgRcpt>
		</GrpHdr>
		<Rpt>
			<Id>0</Id>
			<CreDtTm>2010-09-09T09:30:47</CreDtTm>
			<Acct>
				<Id>
					<Othr>
						<Id>103100000018</Id>
					</Othr>
				</Id>
			</Acct>
			<Ntry>
				<Amt Ccy="CNY">100.00</Amt>
				<CdtDbtInd>CRDT</CdtDbtInd>
				<Sts>INFO</Sts>
				<BkTxCd>
					<Prtry>
						<Cd>0</Cd>
					</Prtry>
				</BkTxCd>
			</Ntry>
		</Rpt>
	</BkToCstmrAcctRpt>
</Document>
