<?xml version="1.0" encoding="UTF-8"?>
<!--Sample XML file generated by XMLSpy v2009 sp1 (http://www.altova.com)-->
<Document xsi:schemaLocation="urn:cnaps:std:saps:2010:tech:xsd:saps.736.001.01 saps.736.001.01.xsd" xmlns="urn:cnaps:std:saps:2010:tech:xsd:saps.736.001.01" xmlns:xsi="http://www.w3.org/2001/XMLSchema-instance">
	<AcctgDailyDwnLd>
		<GrpHdr>
			<MsgId>2010090912555591</MsgId>
			<CreDtTm>2010-09-09T09:30:47</CreDtTm>
			<InstgPty>
				<InstgDrctPty>0000</InstgDrctPty>
				<InstgPty>0000</InstgPty>
			</InstgPty>
			<InstdPty>
				<InstdDrctPty>104100004370</InstdDrctPty>
				<InstdPty>104100004370</InstdPty>
			</InstdPty>
			<SysCd>SAPS</SysCd>
			<Rmk>a</Rmk>
		</GrpHdr>

		<AcctgDailyDwnLdInf>
			<WorkDt>2010-09-09</WorkDt>
			<InitlAmt>CNY+100.00</InitlAmt>
			<DailyDbtrAmt>CNY+100.00</DailyDbtrAmt>
			<DailyCdtrAmt>CNY+100.00</DailyCdtrAmt>
			<FnlAmt>CNY+100.00</FnlAmt>
			<NbOfTx>2</NbOfTx>
			<TxList>
				<TxTp>A100</TxTp>
				<DailyDbtrAmt>CNY+100.00</DailyDbtrAmt>
				<DailyCdtrAmt>CNY+100.00</DailyCdtrAmt>
			</TxList>
		</AcctgDailyDwnLdInf>
	</AcctgDailyDwnLd>
</Document>
