<?xml version="1.0" encoding="UTF-8"?>
<!--Sample XML file generated by XMLSpy v2009 sp1 (http://www.altova.com)-->
<Document xsi:schemaLocation="urn:cnaps:std:saps:2010:tech:xsd:saps.373.001.01 saps.373.001.01.xsd" xmlns="urn:cnaps:std:saps:2010:tech:xsd:saps.373.001.01" xmlns:xsi="http://www.w3.org/2001/XMLSchema-instance">
	<FndsOfPoolMgmt>
		<GrpHdr>
			<MsgId>2010090922345678</MsgId>
			<CreDtTm>2010-09-09T09:30:47</CreDtTm>
			<InstgPty>
				<InstgDrctPty>907100011301</InstgDrctPty>
				<InstgPty>907100011301</InstgPty>
			</InstgPty>
			<InstdPty>
				<InstdDrctPty>0000</InstdDrctPty>
				<InstdPty>0000</InstdPty>
			</InstdPty>
			<SysCd>SAPS</SysCd>
			<Rmk>a</Rmk>
		</GrpHdr>
		<FndsOfPoolMgmtInf>
			<MgrId>907100011301</MgrId>
			<FndsOfPoolMgmtTp>MT00</FndsOfPoolMgmtTp>
			<BrnchQty>1</BrnchQty>
			<BrnchList>
				<MmbId>907100011222</MmbId>
			</BrnchList>
		</FndsOfPoolMgmtInf>
	</FndsOfPoolMgmt>
</Document>
