<?xml version="1.0" encoding="UTF-8"?>
<!--Sample XML file generated by XMLSpy v2009 sp1 (http://www.altova.com)-->
<Document xsi:schemaLocation="urn:cnaps:std:saps:2010:tech:xsd:saps.372.001.01 saps.372.001.01.xsd" xmlns="urn:cnaps:std:saps:2010:tech:xsd:saps.372.001.01" xmlns:xsi="http://www.w3.org/2001/XMLSchema-instance">
	<AcctMgmtNtfctn>
		<GrpHdr>
			<MsgId>2010090912345678</MsgId>
			<CreDtTm>2010-09-09T09:30:47</CreDtTm>
			<InstgPty>
				<InstgDrctPty>0000</InstgDrctPty>
				<InstgPty>0000</InstgPty>
			</InstgPty>
			<InstdPty>
				<InstdDrctPty>907100011301</InstdDrctPty>
				<InstdPty>907100011301</InstdPty>
			</InstdPty>
			<SysCd>SAPS</SysCd>
			<Rmk>a</Rmk>
		</GrpHdr>
		<AcctMgmtNtfctnInf>
			<NtfctnTp>TC00</NtfctnTp>
		</AcctMgmtNtfctnInf>
		<NtfctnCntt>
			<SttlmAcctSts>
				<MmbId>907100011301</MmbId>
				<PtyCtgy>AC00</PtyCtgy>
				<FctvDt>2011-08-13</FctvDt>
				<AcctSts>AS00</AcctSts>
				<Bal>CNY+100.00</Bal>
				<RstrctAmtLwrLmt>CNY+100.00</RstrctAmtLwrLmt>
			</SttlmAcctSts>
		</NtfctnCntt>
	</AcctMgmtNtfctn>
</Document>
