<?xml version="1.0" encoding="UTF-8"?>
<!--Sample XML file generated by XMLSpy v2009 sp1 (http://www.altova.com)-->
<Document xsi:schemaLocation="urn:cnaps:std:saps:2010:tech:xsd:saps.358.001.01 saps.358.001.01.xsd" xmlns="urn:cnaps:std:saps:2010:tech:xsd:saps.358.001.01" xmlns:xsi="http://www.w3.org/2001/XMLSchema-instance">
	<MnlPldgFincgAppl>
		<GrpHdr>
			<MsgId>2010090912345678</MsgId>
			<CreDtTm>2010-09-09T09:30:47</CreDtTm>
			<InstgPty>
				<InstgDrctPty>907100011301</InstgDrctPty>
				<InstgPty>907100011301</InstgPty>
			</InstgPty>
			<InstdPty>
				<InstdDrctPty>0000</InstdDrctPty>
				<InstdPty>0000</InstdPty>
			</InstdPty>
			<SysCd>SAPS</SysCd>
			<Rmk>afdghfgh</Rmk>
		</GrpHdr>
		<MnlPldgFincgApplInf>
			<MmbId>104100004370</MmbId>
			<PldgId>308581000106</PldgId>
		</MnlPldgFincgApplInf>
	</MnlPldgFincgAppl>
</Document>
