<?xml version="1.0" encoding="UTF-8"?>
<!--Sample XML file generated by XMLSpy v2009 sp1 (http://www.altova.com)-->
<Document xsi:schemaLocation="urn:cnaps:std:saps:2010:tech:xsd:saps.610.001.01 saps.610.001.01.xsd" xmlns="urn:cnaps:std:saps:2010:tech:xsd:saps.610.001.01" xmlns:xsi="http://www.w3.org/2001/XMLSchema-instance">
	<IntraCityNetgQryRspn>
		<GrpHdr>
			<MsgId>2010090912678609</MsgId>
			<CreDtTm>2010-09-09T09:30:47</CreDtTm>
			<InstgPty>
				<InstgDrctPty>0000</InstgDrctPty>
				<InstgPty>0000</InstgPty>
			</InstgPty>
			<InstdPty>
				<InstdDrctPty>308581000106</InstdDrctPty>
				<InstdPty>308581000106</InstdPty>
			</InstdPty>
			<SysCd>SAPS</SysCd>
			<Rmk>a</Rmk>
		</GrpHdr>
		<OrgnlGrpHdr>
			<OrgnlMsgId>2010090912275609</OrgnlMsgId>
			<OrgnlInstgPty>308581000106</OrgnlInstgPty>
			<OrgnlMT>308581000106</OrgnlMT>
		</OrgnlGrpHdr>
		<NPCPrcInf>
			<PrcSts>PR05</PrcSts>
			<PrcCd>CB1I0000</PrcCd>
		</NPCPrcInf>
		<IntraCityNetgQryRspnInf>
			<OrgnlGrpHdr>
				<OrgnlMsgId>2010090912555609</OrgnlMsgId>
				<OrgnlInstgPty>308581000106</OrgnlInstgPty>
				<OrgnlMT>saps.611.001.01</OrgnlMT>
			</OrgnlGrpHdr>
			<RspnSts>PR04</RspnSts>
			<NbOfMmb>1</NbOfMmb>
			<BookgList>
				<MmbId>907100011301</MmbId>
				<DbtCdtId>CRDT</DbtCdtId>
				<Amt Ccy="CNY">100.00</Amt>
				<NPCPrcInf>
					<PrcSts>PR04</PrcSts>
					<PrcCd>CB1I0000</PrcCd>
				</NPCPrcInf>
			</BookgList>
		</IntraCityNetgQryRspnInf>
	</IntraCityNetgQryRspn>
</Document>
