<?xml version="1.0" encoding="UTF-8"?>
<!--Sample XML file generated by XMLSpy v2009 sp1 (http://www.altova.com)-->
<Document xsi:schemaLocation="urn:cnaps:std:saps:2010:tech:xsd:saps.367.001.01 saps.367.001.01.xsd" xmlns="urn:cnaps:std:saps:2010:tech:xsd:saps.367.001.01" xmlns:xsi="http://www.w3.org/2001/XMLSchema-instance">
	<AcctInfQryRspn>
		<GrpHdr>
			<MsgId>2010090912345678</MsgId>
			<CreDtTm>2010-09-09T09:30:47</CreDtTm>
			<InstgPty>
				<InstgDrctPty>0000</InstgDrctPty>
				<InstgPty>0000</InstgPty>
			</InstgPty>
			<InstdPty>
				<InstdDrctPty>104100004370</InstdDrctPty>
				<InstdPty>104100004370</InstdPty>
			</InstdPty>
			<SysCd>SAPS</SysCd>
			<Rmk>a</Rmk>
		</GrpHdr>
		<Prttn>
			<TtlNb>1</TtlNb>
			<StartNb>1</StartNb>
			<EndNb>1</EndNb>
		</Prttn>
		<OrgnlGrpHdr>
			<OrgnlMsgId>2010090912345678</OrgnlMsgId>
			<OrgnlInstgPty>104100004370</OrgnlInstgPty>
			<OrgnlMT>saps.367.001.01</OrgnlMT>
		</OrgnlGrpHdr>
		<NPCPrcInf>
			<PrcSts>PR05</PrcSts>
			<PrcCd>CB1I0000</PrcCd>
		</NPCPrcInf>
		<AcctInfQryRspnInf>
			<NbOfAcct>1</NbOfAcct>
			<AcctInf>
				<PtyCtgy>PC00</PtyCtgy>
				<MmbId>104100004370</MmbId>
				<Issr>工商银行</Issr>
				<AcctSts>AS00</AcctSts>
				<PldgFincgId>PF00</PldgFincgId>
				<OverdrftLmt Ccy="CNY">100.00</OverdrftLmt>
				<Bal>CNY+100.00</Bal>
				<CdtLd Ccy="CNY">100.00</CdtLd>
				<RstrctAmtLwrLmt>CNY+100.00</RstrctAmtLwrLmt>
				<LndgBalAmtLwrLmt>CNY+100.00</LndgBalAmtLwrLmt>
				<FndBalAmtLwrLmt>CNY+100.00</FndBalAmtLwrLmt>
			</AcctInf>
		</AcctInfQryRspnInf>
	</AcctInfQryRspn>
</Document>
