<?xml version="1.0" encoding="UTF-8"?>
<!--Sample XML file generated by XMLSpy v2009 sp1 (http://www.altova.com)-->
<Document xsi:schemaLocation="urn:cnaps:std:saps:2010:tech:xsd:saps.359.001.01 saps.359.001.01.xsd" xmlns="urn:cnaps:std:saps:2010:tech:xsd:saps.359.001.01" xmlns:xsi="http://www.w3.org/2001/XMLSchema-instance">
	<FincgRqrmntNtfctn>
		<GrpHdr>
			<MsgId>2010090912345678</MsgId>
			<CreDtTm>2010-09-09T09:30:47</CreDtTm>
			<InstgPty>
				<InstgDrctPty>0000</InstgDrctPty>
				<InstgPty>0000</InstgPty>
			</InstgPty>
			<InstdPty>
				<InstdDrctPty>308581000106</InstdDrctPty>
				<InstdPty>308581000106</InstdPty>
			</InstdPty>
			<SysCd>SAPS</SysCd>
			<Rmk>a</Rmk>
		</GrpHdr>
		<FincgRqrmntNtfctnInf>
			<MmbId>104100004370</MmbId>
			<FincgAmt Ccy="CNY">100.00</FincgAmt>
		</FincgRqrmntNtfctnInf>
	</FincgRqrmntNtfctn>
</Document>
