<?xml version="1.0" encoding="UTF-8"?>
<!--Sample XML file generated by XMLSpy v2009 sp1 (http://www.altova.com)-->
<Document xsi:schemaLocation="urn:cnaps:std:saps:2010:tech:xsd:saps.735.001.01 saps.735.001.01.xsd" xmlns="urn:cnaps:std:saps:2010:tech:xsd:saps.735.001.01" xmlns:xsi="http://www.w3.org/2001/XMLSchema-instance">
	<AcctgDtlDwnLd>
		<GrpHdr>
			<MsgId>2010090912555591</MsgId>
			<CreDtTm>2010-09-09T09:30:47</CreDtTm>
			<InstgPty>
				<InstgDrctPty>0000</InstgDrctPty>
				<InstgPty>0000</InstgPty>
			</InstgPty>
			<InstdPty>
				<InstdDrctPty>308581000106</InstdDrctPty>
				<InstdPty>308581000106</InstdPty>
			</InstdPty>
			<SysCd>SAPS</SysCd>
			<Rmk>a</Rmk>
		</GrpHdr>
		<Prttn>
			<TtlNb>1</TtlNb>
			<StartNb>1</StartNb>
			<EndNb>1</EndNb>
		</Prttn>
		<AcctgDtlDwnLdInf>
			<ChckngDt>2010-09-09</ChckngDt>
			<NbOfAcct>1</NbOfAcct>
			<AcctList>
				<AcctTp>AT00</AcctTp>
				<Acct>1031000000180098</Acct>
				<NbOfBookg>1</NbOfBookg>
				<BookgList>
					<MsgCd>hvps.141.001.01</MsgCd>
					<InstgPty>103100000018</InstgPty>
					<NetgDt>2010-09-09</NetgDt>
					<MsgId>2010090912525591</MsgId>
					<TxTp>A100</TxTp>
					<CtgyPurpCd>00100</CtgyPurpCd>
					<Dbtr>103100000018</Dbtr>
					<Cdtr>104100004370</Cdtr>
					<DbtCdtId>CRDT</DbtCdtId>
					<Amt Ccy="CNY">1000.00</Amt>
					<PlusMnsTp>PM00</PlusMnsTp>
				</BookgList>
			</AcctList>
		</AcctgDtlDwnLdInf>
	</AcctgDtlDwnLd>
</Document>
