<?xml version="1.0" encoding="UTF-8"?>
<Document xsi:schemaLocation="urn:cnaps:std:saps:2010:tech:xsd:saps.378.001.01 saps.378.001.01.xsd" xmlns="urn:cnaps:std:saps:2010:tech:xsd:saps.378.001.01" xmlns:xsi="http://www.w3.org/2001/XMLSchema-instance">
	<BdTugNtfctn>
		<GrpHdr>
			<MsgId>2011050100000022</MsgId>
			<CreDtTm>2001-12-17T09:30:47</CreDtTm>
			<InstgPty>
				<InstgDrctPty>102100099998</InstgDrctPty>
				<InstgPty>102100099998</InstgPty>
			</InstgPty>
			<InstdPty>
				<InstdDrctPty>103100066664</InstdDrctPty>
				<InstdPty>103100066664</InstdPty>
			</InstdPty>
			<SysCd>SAPS</SysCd>
			<Rmk>a</Rmk>
		</GrpHdr>
		<OrgnlGrpHdr>
			<OrgnlMsgId>0000</OrgnlMsgId>
			<OrgnlInstgPty>0000</OrgnlInstgPty>
			<OrgnlMT>saps.359.001.01</OrgnlMT>
		</OrgnlGrpHdr>
		<BdTugInf>
			<CdtBk>102100099998</CdtBk>
			<PldgBk>103100066664</PldgBk>
			<FincgAmt Ccy="CNY">10.00</FincgAmt>
			<OrgnlAmt Ccy="CNY">10.00</OrgnlAmt>
			<TugAmt Ccy="CNY">10.00</TugAmt>
			<CurAmt Ccy="CNY">10.00</CurAmt>
			<CtrctNb>0000001066</CtrctNb>
			<Sts>a</Sts>
		</BdTugInf>
	</BdTugNtfctn>
</Document>
