<?xml version="1.0" encoding="UTF-8"?>
<!--Sample XML file generated by XMLSpy v2009 sp1 (http://www.altova.com)-->
<Document xsi:schemaLocation="urn:cnaps:std:saps:2010:tech:xsd:saps.733.001.01 saps.733.001.01.xsd" xmlns="urn:cnaps:std:saps:2010:tech:xsd:saps.733.001.01" xmlns:xsi="http://www.w3.org/2001/XMLSchema-instance">
	<ACSTCBSDailyAcctg>
		<GrpHdr>
			<MsgId>2010090912555590</MsgId>
			<CreDtTm>2010-09-09T09:30:47</CreDtTm>
			<InstgPty>
				<InstgDrctPty>0000</InstgDrctPty>
				<InstgPty>0000</InstgPty>
			</InstgPty>
			<InstdPty>
				<InstdDrctPty>308581000106</InstdDrctPty>
				<InstdPty>308581000106</InstdPty>
			</InstdPty>
			<SysCd>SAPS</SysCd>
			<Rmk>a</Rmk>
		</GrpHdr>
		<Prttn>
			<TtlNb>1</TtlNb>
			<StartNb>1</StartNb>
			<EndNb>1</EndNb>
		</Prttn>
		
		<ACSTCBSDailyAcctgInf>
		  <WorkDt>2010-09-09</WorkDt>
			<NbOfTx>1</NbOfTx>
			<ChckngList>
				<AcctTp>AT00</AcctTp>
				<Acct>1234308581000106</Acct>
				<InitlAmt>CNY+1000.00</InitlAmt>
				<FnlAmt>CNY+1000.00</FnlAmt>
				<DbtrAmt>CNY+1000.00</DbtrAmt>
				<CdtrAmt>CNY+1000.00</CdtrAmt>
				<HVPSDbtrAmt>CNY+1000.00</HVPSDbtrAmt>
				<HVPSCdtrAmt>CNY+1000.00</HVPSCdtrAmt>
				<BEPSDbtrAmt>CNY+1000.00</BEPSDbtrAmt>
				<BEPSCdtrAmt>CNY+1000.00</BEPSCdtrAmt>
				<IBPSDbtrAmt>CNY+1000.00</IBPSDbtrAmt>
				<IBPSCdtrAmt>CNY+1000.00</IBPSCdtrAmt>
				<NnPmtDbtrAmt>CNY+1000.00</NnPmtDbtrAmt>
				<NnPmtCdtrAmt>CNY+1000.00</NnPmtCdtrAmt>
			</ChckngList>
		</ACSTCBSDailyAcctgInf>
	</ACSTCBSDailyAcctg>
</Document>
