<?xml version="1.0" encoding="UTF-8"?>
<!--Sample XML file generated by XMLSpy v2009 sp1 (http://www.altova.com)-->
<Document xsi:schemaLocation="urn:cnaps:std:saps:2010:tech:xsd:saps.616.001.01 saps.616.001.01.xsd" xmlns="urn:cnaps:std:saps:2010:tech:xsd:saps.616.001.01" xmlns:xsi="http://www.w3.org/2001/XMLSchema-instance">
	<NetgListDwnLd>
		<GrpHdr>
			<MsgId>2010090912527598</MsgId>
			<CreDtTm>2010-09-09T09:30:47</CreDtTm>
			<InstgPty>
				<InstgDrctPty>0000</InstgDrctPty>
				<InstgPty>0000</InstgPty>
			</InstgPty>
			<InstdPty>
				<InstdDrctPty>308581000106</InstdDrctPty>
				<InstdPty>308581000106</InstdPty>
			</InstdPty>
			<SysCd>SAPS</SysCd>
			<Rmk>a</Rmk>
		</GrpHdr>
		<NetgListDwnLdInf>
			<MgrId>308581000106</MgrId>
			<NbOfTx>1</NbOfTx>
			<TtlAmt Ccy="CNY">100.00</TtlAmt>
			<TxList>
				<NetgDt>2010-09-08</NetgDt>
				<NetgRnd>1</NetgRnd>
				<MmbId>907100011301</MmbId>
				<DbtCdtId>CRDT</DbtCdtId>
				<Amt Ccy="CNY">100.00</Amt>
				<SttlmDt>2010-09-09</SttlmDt>
			</TxList>
		</NetgListDwnLdInf>
	</NetgListDwnLd>
</Document>
