<?xml version="1.0" encoding="UTF-8"?>
<!--Sample XML file generated by XMLSpy v2009 sp1 (http://www.altova.com)-->
<Document xsi:schemaLocation="urn:cnaps:std:saps:2010:tech:xsd:saps.374.001.01 saps.374.001.01.xsd" xmlns="urn:cnaps:std:saps:2010:tech:xsd:saps.374.001.01" xmlns:xsi="http://www.w3.org/2001/XMLSchema-instance">
	<IntrBkLnMgmtAppl>
		<GrpHdr>
			<MsgId>2010090912345655</MsgId>
			<CreDtTm>2010-09-09T09:30:47</CreDtTm>
			<InstgPty>
				<InstgDrctPty>103100000018</InstgDrctPty>
				<InstgPty>103100000018</InstgPty>
			</InstgPty>
			<InstdPty>
				<InstdDrctPty>907100011301</InstdDrctPty>
				<InstdPty>907100011301</InstdPty>
			</InstdPty>
			<SysCd>SAPS</SysCd>
			<Rmk>a</Rmk>
		</GrpHdr>
		<IntrBkLnMgmtApplInf>
			<Cdtr>907100011301</Cdtr>
			<Dbtr>103100000018</Dbtr>
			<IntrBkLnMgmtTp>PC00</IntrBkLnMgmtTp>
			<PrtcolNb>aa1234567890</PrtcolNb>
			<IntrBkLnLwrLmt Ccy="CNY">100.00</IntrBkLnLwrLmt>
			<IntrBkLnUpperLmt Ccy="CNY">1000.000</IntrBkLnUpperLmt>
		</IntrBkLnMgmtApplInf>
	</IntrBkLnMgmtAppl>
</Document>
